{
  "controller/ImageUploadView.controller.js": 1682500118400,
  "i18n/i18n.properties": 1681392492758,
  "model/models.js": 1681392492790,
  "utils/locate-reuse-libs.js": 1681392492778,
  "controller/App.controller.js": 1681392492814,
  "manifest.json": 1682500736014,
  "Component.js": 1681392492746,
  "Component-dbg.js": 1681392492746,
  "Component.js.map": 1682500736354,
  "model/models-dbg.js": 1681392492790,
  "model/models.js.map": 1682500736325,
  "utils/locate-reuse-libs-dbg.js": 1681392492778,
  "utils/locate-reuse-libs.js.map": 1682500736408,
  "controller/App-dbg.controller.js": 1681392492814,
  "controller/App.controller.js.map": 1682500736328,
  "controller/ImageUploadView-dbg.controller.js": 1682500118400,
  "controller/ImageUploadView.controller.js.map": 1682500736425,
  "Component-preload.js": 1682500736806,
  "Component-preload.js.map": 1682500736806,
  "view/ImageUploadView.view.xml": 1682494031446,
  "view/BusyDialog.fragment.xml": 1682499873461,
  "view/App.view.xml": 1681392492846,
  "upload/instasize_210624110709.png": 1681475896844,
  "upload/Upload-Icon-Logo-PNG-Photos.png": 1681971114419,
  "css/style.css": 1681392492830,
  "index.html": 1681392492746
}